{
  "per_class": {
    "toiture_tole_ondulee": {
      "iou_0.5": {
        "TP": 244,
        "FP": 57,
        "FN": 13,
        "Precision": 0.8106312292358804,
        "Recall": 0.9494163424124513,
        "F1": 0.8745519713261648
      },
      "iou_0.55": {
        "TP": 244,
        "FP": 57,
        "FN": 13,
        "Precision": 0.8106312292358804,
        "Recall": 0.9494163424124513,
        "F1": 0.8745519713261648
      },
      "iou_0.6": {
        "TP": 244,
        "FP": 57,
        "FN": 13,
        "Precision": 0.8106312292358804,
        "Recall": 0.9494163424124513,
        "F1": 0.8745519713261648
      },
      "iou_0.65": {
        "TP": 244,
        "FP": 57,
        "FN": 13,
        "Precision": 0.8106312292358804,
        "Recall": 0.9494163424124513,
        "F1": 0.8745519713261648
      },
      "iou_0.7": {
        "TP": 244,
        "FP": 57,
        "FN": 13,
        "Precision": 0.8106312292358804,
        "Recall": 0.9494163424124513,
        "F1": 0.8745519713261648
      },
      "iou_0.75": {
        "TP": 244,
        "FP": 57,
        "FN": 13,
        "Precision": 0.8106312292358804,
        "Recall": 0.9494163424124513,
        "F1": 0.8745519713261648
      },
      "iou_0.8": {
        "TP": 243,
        "FP": 58,
        "FN": 14,
        "Precision": 0.8073089700996677,
        "Recall": 0.9455252918287937,
        "F1": 0.8709677419354838
      },
      "iou_0.85": {
        "TP": 241,
        "FP": 60,
        "FN": 16,
        "Precision": 0.8006644518272426,
        "Recall": 0.9377431906614786,
        "F1": 0.8637992831541219
      },
      "iou_0.9": {
        "TP": 228,
        "FP": 73,
        "FN": 29,
        "Precision": 0.7574750830564784,
        "Recall": 0.8871595330739299,
        "F1": 0.8172043010752688
      },
      "iou_0.95": {
        "TP": 106,
        "FP": 195,
        "FN": 151,
        "Precision": 0.3521594684385382,
        "Recall": 0.41245136186770426,
        "F1": 0.37992831541218636
      }
    },
    "toiture_tole_bac": {
      "iou_0.5": {
        "TP": 296,
        "FP": 82,
        "FN": 6,
        "Precision": 0.783068783068783,
        "Recall": 0.9801324503311258,
        "F1": 0.8705882352941177
      },
      "iou_0.55": {
        "TP": 295,
        "FP": 83,
        "FN": 7,
        "Precision": 0.7804232804232805,
        "Recall": 0.9768211920529801,
        "F1": 0.8676470588235294
      },
      "iou_0.6": {
        "TP": 295,
        "FP": 83,
        "FN": 7,
        "Precision": 0.7804232804232805,
        "Recall": 0.9768211920529801,
        "F1": 0.8676470588235294
      },
      "iou_0.65": {
        "TP": 294,
        "FP": 84,
        "FN": 8,
        "Precision": 0.7777777777777778,
        "Recall": 0.9735099337748344,
        "F1": 0.8647058823529412
      },
      "iou_0.7": {
        "TP": 294,
        "FP": 84,
        "FN": 8,
        "Precision": 0.7777777777777778,
        "Recall": 0.9735099337748344,
        "F1": 0.8647058823529412
      },
      "iou_0.75": {
        "TP": 294,
        "FP": 84,
        "FN": 8,
        "Precision": 0.7777777777777778,
        "Recall": 0.9735099337748344,
        "F1": 0.8647058823529412
      },
      "iou_0.8": {
        "TP": 292,
        "FP": 86,
        "FN": 10,
        "Precision": 0.7724867724867724,
        "Recall": 0.9668874172185431,
        "F1": 0.8588235294117647
      },
      "iou_0.85": {
        "TP": 290,
        "FP": 88,
        "FN": 12,
        "Precision": 0.7671957671957672,
        "Recall": 0.9602649006622517,
        "F1": 0.8529411764705883
      },
      "iou_0.9": {
        "TP": 279,
        "FP": 99,
        "FN": 23,
        "Precision": 0.7380952380952381,
        "Recall": 0.9238410596026491,
        "F1": 0.8205882352941177
      },
      "iou_0.95": {
        "TP": 185,
        "FP": 193,
        "FN": 117,
        "Precision": 0.4894179894179894,
        "Recall": 0.6125827814569537,
        "F1": 0.5441176470588236
      }
    },
    "toiture_dalle": {
      "iou_0.5": {
        "TP": 65,
        "FP": 65,
        "FN": 3,
        "Precision": 0.5,
        "Recall": 0.9558823529411765,
        "F1": 0.6565656565656566
      },
      "iou_0.55": {
        "TP": 65,
        "FP": 65,
        "FN": 3,
        "Precision": 0.5,
        "Recall": 0.9558823529411765,
        "F1": 0.6565656565656566
      },
      "iou_0.6": {
        "TP": 65,
        "FP": 65,
        "FN": 3,
        "Precision": 0.5,
        "Recall": 0.9558823529411765,
        "F1": 0.6565656565656566
      },
      "iou_0.65": {
        "TP": 65,
        "FP": 65,
        "FN": 3,
        "Precision": 0.5,
        "Recall": 0.9558823529411765,
        "F1": 0.6565656565656566
      },
      "iou_0.7": {
        "TP": 65,
        "FP": 65,
        "FN": 3,
        "Precision": 0.5,
        "Recall": 0.9558823529411765,
        "F1": 0.6565656565656566
      },
      "iou_0.75": {
        "TP": 64,
        "FP": 66,
        "FN": 4,
        "Precision": 0.49230769230769234,
        "Recall": 0.9411764705882353,
        "F1": 0.6464646464646465
      },
      "iou_0.8": {
        "TP": 62,
        "FP": 68,
        "FN": 6,
        "Precision": 0.47692307692307695,
        "Recall": 0.9117647058823529,
        "F1": 0.6262626262626263
      },
      "iou_0.85": {
        "TP": 57,
        "FP": 73,
        "FN": 11,
        "Precision": 0.43846153846153846,
        "Recall": 0.8382352941176471,
        "F1": 0.5757575757575758
      },
      "iou_0.9": {
        "TP": 54,
        "FP": 76,
        "FN": 14,
        "Precision": 0.4153846153846154,
        "Recall": 0.7941176470588235,
        "F1": 0.5454545454545455
      },
      "iou_0.95": {
        "TP": 28,
        "FP": 102,
        "FN": 40,
        "Precision": 0.2153846153846154,
        "Recall": 0.4117647058823529,
        "F1": 0.2828282828282828
      }
    }
  },
  "overall": {
    "iou_0.5": {
      "TP": 605,
      "FP": 204,
      "FN": 22,
      "Precision": 0.7478368355995055,
      "Recall": 0.9649122807017544,
      "F1": 0.8426183844011143
    },
    "iou_0.55": {
      "TP": 604,
      "FP": 205,
      "FN": 23,
      "Precision": 0.7466007416563659,
      "Recall": 0.9633173843700159,
      "F1": 0.8412256267409471
    },
    "iou_0.6": {
      "TP": 604,
      "FP": 205,
      "FN": 23,
      "Precision": 0.7466007416563659,
      "Recall": 0.9633173843700159,
      "F1": 0.8412256267409471
    },
    "iou_0.65": {
      "TP": 603,
      "FP": 206,
      "FN": 24,
      "Precision": 0.7453646477132262,
      "Recall": 0.9617224880382775,
      "F1": 0.8398328690807799
    },
    "iou_0.7": {
      "TP": 603,
      "FP": 206,
      "FN": 24,
      "Precision": 0.7453646477132262,
      "Recall": 0.9617224880382775,
      "F1": 0.8398328690807799
    },
    "iou_0.75": {
      "TP": 602,
      "FP": 207,
      "FN": 25,
      "Precision": 0.7441285537700866,
      "Recall": 0.960127591706539,
      "F1": 0.8384401114206129
    },
    "iou_0.8": {
      "TP": 597,
      "FP": 212,
      "FN": 30,
      "Precision": 0.7379480840543882,
      "Recall": 0.9521531100478469,
      "F1": 0.8314763231197771
    },
    "iou_0.85": {
      "TP": 588,
      "FP": 221,
      "FN": 39,
      "Precision": 0.7268232385661311,
      "Recall": 0.937799043062201,
      "F1": 0.818941504178273
    },
    "iou_0.9": {
      "TP": 561,
      "FP": 248,
      "FN": 66,
      "Precision": 0.6934487021013597,
      "Recall": 0.8947368421052632,
      "F1": 0.7813370473537604
    },
    "iou_0.95": {
      "TP": 319,
      "FP": 490,
      "FN": 308,
      "Precision": 0.3943139678615575,
      "Recall": 0.5087719298245614,
      "F1": 0.44428969359331477
    }
  },
  "iou_stats": {
    "box_iou_mean": 0.34214096996720933,
    "box_iou_std": 0.4493734852435722,
    "box_iou_median": 0.0,
    "mask_iou_mean": 0.34052976464486195,
    "mask_iou_std": 0.449977511436004,
    "mask_iou_median": 0.0
  },
  "mAP50": 0.7478368355995055,